{
  "vit_1pct": {
    "model": "vit",
    "data_fraction": 0.01,
    "final_train_top1": 100.0,
    "final_train_top5": 100.0,
    "final_val_top1": 71.70532766240548,
    "final_val_top5": 91.00178446539987,
    "best_val_top1": 74.81519249170495,
    "best_val_top5": 92.93907729515213,
    "final_train_loss": 0.00022828268508116403,
    "final_val_loss": 1.386325072367034,
    "convergence_epoch": 1,
    "training_time": 573.113790512085
  },
  "vit_5pct": {
    "model": "vit",
    "data_fraction": 0.05,
    "final_train_top1": 100.0,
    "final_train_top5": 100.0,
    "final_val_top1": 69.48763703777266,
    "final_val_top5": 90.64491469951847,
    "best_val_top1": 75.57991332191003,
    "best_val_top5": 94.00968653445277,
    "final_train_loss": 0.000277975108474493,
    "final_val_loss": 1.497663918940534,
    "convergence_epoch": 1,
    "training_time": 576.9628541469574
  },
  "vit_10pct": {
    "model": "vit",
    "data_fraction": 0.1,
    "final_train_top1": 100.0,
    "final_train_top5": 100.0,
    "final_val_top1": 70.45628359656294,
    "final_val_top5": 90.64491469951847,
    "best_val_top1": 73.61712973791818,
    "best_val_top5": 92.45475406145947,
    "final_train_loss": 0.00022135013119971498,
    "final_val_loss": 1.5112090240836356,
    "convergence_epoch": 1,
    "training_time": 814.3739252090454
  },
  "swin_1pct": {
    "model": "swin",
    "data_fraction": 0.01,
    "final_train_top1": 100.0,
    "final_train_top5": 100.0,
    "final_val_top1": 78.28192723663432,
    "final_val_top5": 95.30971200181123,
    "best_val_top1": 81.21335724133665,
    "best_val_top5": 96.35483051020972,
    "final_train_loss": 0.0004630262653032939,
    "final_val_loss": 1.1215216811749207,
    "convergence_epoch": 1,
    "training_time": 6192.065150976181
  },
  "swin_5pct": {
    "model": "swin",
    "data_fraction": 0.05,
    "final_train_top1": 100.0,
    "final_train_top5": 100.0,
    "final_val_top1": 80.04078521845203,
    "final_val_top5": 95.48814687308322,
    "best_val_top1": 80.98394097827267,
    "best_val_top5": 96.53326539315042,
    "final_train_loss": 0.000580638088285923,
    "final_val_loss": 1.1037888222284047,
    "convergence_epoch": 1,
    "training_time": 3109.5167784690857
  },
  "swin_10pct": {
    "model": "swin",
    "data_fraction": 0.1,
    "final_train_top1": 100.0,
    "final_train_top5": 100.0,
    "final_val_top1": 77.59367844744237,
    "final_val_top5": 94.49400974480801,
    "best_val_top1": 81.26433863312865,
    "best_val_top5": 96.30384914175515,
    "final_train_loss": 0.000922804539825054,
    "final_val_loss": 1.3104647171761714,
    "convergence_epoch": 1,
    "training_time": 2606.109390258789
  },
  "convnext_1pct": {
    "model": "convnext",
    "data_fraction": 0.01,
    "final_train_top1": 100.0,
    "final_train_top5": 100.0,
    "final_val_top1": 82.51338274370126,
    "final_val_top5": 96.53326541648785,
    "best_val_top1": 83.32908498903576,
    "best_val_top5": 97.06857000696638,
    "final_train_loss": 0.0013824871430794397,
    "final_val_loss": 0.6892946272549081,
    "convergence_epoch": 1,
    "training_time": 643.1293036937714
  },
  "convnext_5pct": {
    "model": "convnext",
    "data_fraction": 0.05,
    "final_train_top1": 100.0,
    "final_train_top5": 100.0,
    "final_val_top1": 82.84476177868052,
    "final_val_top5": 96.76268166788311,
    "best_val_top1": 82.99770596572522,
    "best_val_top5": 96.89013514736311,
    "final_train_loss": 0.0012806248851120472,
    "final_val_loss": 0.6765853918057573,
    "convergence_epoch": 1,
    "training_time": 692.1116437911987
  },
  "convnext_10pct": {
    "model": "convnext",
    "data_fraction": 0.1,
    "final_train_top1": 100.0,
    "final_train_top5": 100.0,
    "final_val_top1": 82.00356881411258,
    "final_val_top5": 96.55875611238385,
    "best_val_top1": 83.53301056787247,
    "best_val_top5": 97.0940607145311,
    "final_train_loss": 0.0009596283210718885,
    "final_val_loss": 0.764663932003174,
    "convergence_epoch": 1,
    "training_time": 1054.5335552692413
  }
}